<?xml version="1.0" encoding="utf-8"?>
<Defs>


  <PawnColumnDef>
    <defName>SortableLabel</defName>
    <workerClass>PawnColumnWorker_Label</workerClass>
    <sortable>true</sortable>
    <headerIcon>UI/Icons/Label</headerIcon>
    <headerTip>Name</headerTip>
  </PawnColumnDef>

  <PawnColumnDef>
    <defName>GenderWithIconHeader</defName>
    <workerClass>PawnColumnWorker_Gender</workerClass>
	<headerIcon>UI/Icons/Sex</headerIcon>
    <sortable>true</sortable>
	<headerTip>Sex</headerTip>
  </PawnColumnDef>
  
  <PawnColumnDef>
    <defName>Danger</defName>
    <workerClass>Lincore.OmniLocator.PawnColumnWorker_Danger</workerClass>
    <sortable>true</sortable>
    <headerIcon>UI/Icons/Warning</headerIcon>
    <headerTip>Danger</headerTip>
  </PawnColumnDef>
  
  <PawnColumnDef>
    <defName>Hunt</defName>
    <workerClass>Lincore.OmniLocator.PawnColumnWorker_Hunt</workerClass>
    <sortable>true</sortable>
    <headerIcon>UI/Icons/Hunt</headerIcon>
    <headerTip>Hunt</headerTip>
  </PawnColumnDef>

  <PawnColumnDef>
    <defName>Tame</defName>
    <workerClass>Lincore.OmniLocator.PawnColumnWorker_Tame</workerClass>
    <sortable>true</sortable>
    <headerIcon>UI/Icons/Tame</headerIcon>
    <headerTip>Tame</headerTip>
  </PawnColumnDef>  
  
  <PawnColumnDef>
    <defName>Medical</defName>
    <workerClass>Lincore.OmniLocator.PawnColumnWorker_Medical</workerClass>
	<widthPriority>100</widthPriority>
    <sortable>true</sortable>
	<headerIcon>UI/Icons/Medical</headerIcon>
	<headerTip>Medical condition</headerTip>
  </PawnColumnDef>    
  
  <PawnColumnDef>
    <defName>InfoButton</defName>
    <workerClass>Lincore.OmniLocator.PawnColumnWorker_InfoButton</workerClass>
    <sortable>false</sortable>
  </PawnColumnDef>

</Defs>