﻿<?xml version="1.0" encoding="utf-8"?>
<ModMetaData>
  <name>Floor Equality</name>
  <author>lincore</author>
  <url>http://rimworldgame.com</url>
  <targetVersion>0.14.1248</targetVersion>
  <description>This small modification makes almost all indoor floorings equally beautiful as smoothed stone. The exception is wood floor, because it is very easy to build. Instead, I added parquet floor which is harder to build and costs more than twice the resources.

Changes:  
   Adjusted beauty of vaniila floors
     - wood floor: from 0 to 2
     - stone tile: from 2 to 3
     - carpet: from 2 to 3

   Added a new floor type:
     - parquet: requires 8 wood and 1200 work, has 3 beauty


License:
   I release my work on this mod into the public domain.
   The parquet floor was created using a set of wood textures from:
      webtreats.mysitemyway.com/tileable-light-wood-textures
      Licensed as CC-BY-2.0, creativecommons.org/licenses/by/2.0/
</description>
</ModMetaData>
